Claim,Source_File,Supporting_Metrics,Is_Supporting_Number_Verified,Verdict
The distilled student achieves 99.6% F1 recovery vs. the MAML teacher while compressing memory footprint by 3.53x (1.64 KB vs 5.79 KB).,"CubeSat_Anomaly_Detection__FINAL_ALL_CHECKPOINTS.ipynb (Phase 2), results/tables/phase2_final_comparison.csv",Teacher 10-shot PA-F1 = 0.8526; Student 10-shot PA-F1 = 0.8643 (0.8643/0.8629 = 99.6% / 100.2%); Model size = 1.64 KB vs 5.79 KB,Partially (Verified under Point-Adjusted PA-F1 protocol; Raw-F1 is 0.3110 vs 0.3102),Supported under PA-F1 (Must explicitly specify PA-F1 vs Raw-F1 = 0.3110)
"The model generalizes zero-shot and few-shot to on-orbit ESA OPS-SAT 3U CubeSat telemetry, recovering 99.2% of teacher performance in 3 shots.","CubeSat_Anomaly_Detection__FINAL_ALL_CHECKPOINTS.ipynb (Phase 3), results/tables/opssat_fewshot_curve.csv",Teacher 3-shot PA-F1 = 0.1732; Student 3-shot PA-F1 = 0.1719 (0.1719 / 0.1732 = 99.25%); Strict Raw-F1 = 0.0976,Yes (Stress-tested and audited in B1 reconciliation),Supported (With explicit note that Raw-F1 is 0.0976 and domain gap exists)
Replacing heuristic 3-sigma thresholds with out-of-sample validation calibration yields a 543% Raw-F1 improvement (0.0537 to 0.3455).,"walkthrough.md, CubeSat_Results_Justification.pdf",Uncalibrated 3-sigma Raw-F1 = 0.0537; Validation-calibrated MultiScale Raw-F1 = 0.3455 on NASA SMAP/MSL,Yes (Replicated across 81 channels in Stage 1/2 ablation),Supported (Primary thesis finding on threshold collapse)
"MultiScale-TelemetryAE fits within 3.56 KB FP32 / 890 Bytes INT8, fitting directly into ARM Cortex-M4 L1 SRAM.","fresh_pipeline.py, results/tables/quantization_efficiency.csv","911 params * 4 bytes = 3,644 bytes (3.56 KB); INT8 quantized = 890 bytes; STM32F4 SRAM = 192 KB",Yes (Verified mathematically and via PyTorch dynamic quantization),Supported (Direct hardware memory compatibility confirmed)
"The model demonstrates perfect Affiliation-F1 (1.0000) across Power, Attitude, and Other subsystems.",run_master_integrity_pass.py (Table C1 output),Power Aff-F1 = 1.0000; Attitude Aff-F1 = 1.0000; Other Aff-F1 = 1.0000,"No (Audit revealed tiny sample size: Power has 5 events, Attitude has 1 event, Other has 2 events)",Overstated (Statistical artifact of small event counts N<=5; must not be claimed as perfect detection)
Frequency-Domain FFT spectral augmentation improves strict Raw-F1 by +54.2%.,run_master_integrity_pass.py (Table C2 output),Time-domain Raw-F1 = 0.3076; FFT-augmented Raw-F1 = 0.4744 (+54.2% on 20-channel subset),"Partially (5-seed full 81-channel audit showed true gain is +33.9%, Raw-F1 0.2659 -> 0.3561)","Needs re-verification / Corrected (Full 81-channel 5-seed population gain is +33.9%, not +54.2%)"
Cross-mission transfer on ESA-ADB 700M+ point dataset achieves high F1 transfer.,"ESA_ADB_Cross_Mission_Extension.ipynb, results/figures/esa_adb_cross_mission_transfer.png","esa_adb_data/esa_adb_mission_telemetry.csv (1.22 MB, 20,000 rows)","No (Local esa_adb_mission_telemetry.csv is a synthetic slice/stub, not the real 700M-row Zenodo archive)",Overstated / Unsupported on full mission (Only tested on a local 20k slice; real 700M dataset not fully evaluated)
Zero data leakage: Normalization and thresholds are fitted strictly on train/val without test contamination.,"fresh_pipeline.py, run_master_integrity_pass.py, verification_pass_v3/stress_test_engine.py",Scalers fit on train_raw only; tau* calibrated on validation slice only; test_raw strictly evaluated after freezing,Yes (Code audited line-by-line; zero test contamination verified),Supported (Full non-leakage protocol maintained)
Model achieves 0.8966 - 0.9856 F1 on SMD and SMAP outperforming state-of-the-art baselines.,"CubeSat_Results_Analysis.ipynb, literature baseline tables",Published OmniAnomaly / Anomaly Transformer numbers (0.8966 / 0.9856),No (These literature numbers were computed under flawed Point-Adjustment protocol; unadjusted Raw-F1 is ~0.25-0.35),Overstated if compared directly (Must cite Kim et al. AAAI 2022 and compare under same Raw-F1 convention)
