Dataset,Role_In_Project,Verified_Real,Fully_Tested_With_Current_Pipeline,Current_Status
NASA SMAP (Soil Moisture Active Passive),"Primary Training, Architecture Search, Multi-Seed Stability, Ablations",Yes (Verified 55 real physical telemetry streams from NASA JPL),"Yes (Tested across all windows, scalers, models, and 5 seeds in fresh_pipeline.py and verification_pass_v3)",Complete (Canonical benchmark dataset)
NASA MSL (Mars Curiosity Rover),"Primary Training, Architecture Search, Multi-Seed Stability, Ablations",Yes (Verified 26 real physical telemetry streams from NASA JPL Mars Rover),"Yes (Tested across all windows, scalers, models, and 5 seeds in fresh_pipeline.py and verification_pass_v3)",Complete (Canonical benchmark dataset)
ESA OPS-SAT-AD (European Space Agency 3U CubeSat),Cross-Mission Zero-Shot & Few-Shot Generalization,Yes (Verified real in-orbit telemetry from Zenodo doi:10.5281/zenodo.12588359; dataset.csv + segments.csv present),Yes (Evaluated in Phase 3 few-shot adaptation curve; 9 channels tested),Complete (Valid cross-mission proof of transfer)
ESA-ADB (Multi-Mission ESA Telemetry Archive),Proposed Multi-Mission Generalization Extension,Partially (Local file esa_adb_mission_telemetry.csv is 1.22 MB / 20k rows; Zenodo 700M archive not fully downloaded),Partially (Tested on local 20k-row sample in Phase 5; full multi-mission archive unverified),"Testing Gap (Must clarify in paper that only a verified sample was evaluated, not the full 700M dataset)"
Server Machine Dataset (SMD),External IT Server Telemetry Benchmark,"Yes (OmniAnomaly public benchmark, 28 machines x 38 features)",Partially (Evaluated per-feature univariate in Phase 1; multivariate evaluation not yet executed),Testing Gap (Documented with univariate disclaimer footnote per B5)
NAB (Numenta Anomaly Benchmark),External Time-Series Benchmark,Yes (Public 58 real/artificial streaming series),Partially (Evaluated in historical v1 baseline; not part of final CubeSat edge core),Secondary Reference Only
SWaT / WADI,Industrial Cyber-Physical Sensor Benchmark,Pending (Requires institutional NDA access request at iTrust SUTD),No (Not downloaded or present on disk),Excluded from Current Scope
SKAB (Skoltech Anomaly Benchmark),Industrial Water Testbed Sensors,Yes (Public GitHub benchmark from WAICO),No (Loader stub present in external_benchmark; not evaluated in canonical pass),Future Extension Candidate
UCR Time Series Anomaly Archive (2021),Broad Multi-Domain Anomaly Archive (250 series),Yes (Curated by Eamonn Keogh / UCR),No (Not evaluated in canonical aerospace core),Future Extension Candidate
