Channel,Test_Windows,GT_Segments,Teacher_Segments_Hit,Student_Segments_Hit,Teacher_Raw_F1,Student_Raw_F1,Teacher_FP_PA,Student_FP_PA,Teacher_PA_F1,Student_PA_F1,PA_F1_Delta
P-1,1689,3,0,0,0.0,0.0,0,0,0.0,0.0,0.0
S-1,1454,1,1,1,0.367,0.7973,0,0,1.0,1.0,0.0
E-1,1691,2,0,0,0.0,0.0,0,0,0.0,0.0,0.0
E-2,1694,1,0,1,0.0,0.2724,0,0,0.0,1.0,1.0
E-3,1649,1,1,1,0.11,0.4218,0,0,1.0,1.0,0.0
E-4,1659,1,0,0,0.0,0.0,0,0,0.0,0.0,0.0
E-5,1647,1,0,0,0.0,0.0,0,0,0.0,0.0,0.0
E-6,1648,1,1,1,0.7027,0.3133,11,57,0.7027,0.3133,0.3894
E-7,1650,1,1,1,0.8058,0.9739,27,3,0.8058,0.9739,0.1682
E-8,1694,1,0,1,0.0,0.3851,0,6,0.0,0.9764,0.9764
E-9,1648,1,0,0,0.0,0.0,0,0,0.0,0.0,0.0
E-10,1689,2,0,1,0.0,0.8348,0,3,0.0,0.8926,0.8926
E-11,1691,2,0,1,0.0,0.8762,0,1,0.0,0.8972,0.8972
E-12,1690,2,0,0,0.0,0.0,0,0,0.0,0.0,0.0
E-13,1716,3,0,2,0.0,0.2018,0,46,0.0,0.6197,0.6197
A-1,1716,1,1,1,0.0196,0.0196,1699,1699,0.0196,0.0196,0.0
D-1,1690,1,1,1,0.8755,0.9504,0,0,1.0,1.0,0.0
P-2,1630,1,1,1,0.6858,0.6145,180,320,0.7391,0.6145,0.1247
P-3,1686,1,1,1,0.9146,0.893,0,2,1.0,0.9963,0.0037
D-2,1707,1,1,1,0.6633,0.6633,856,856,0.6633,0.6633,0.0
D-3,1716,1,1,1,0.9438,0.8307,78,267,0.9438,0.8307,0.1131
D-4,1682,1,1,1,0.9946,0.8955,7,150,0.9946,0.8955,0.099
A-2,1571,1,0,0,0.0,0.0,0,0,0.0,0.0,0.0
A-3,1629,1,1,1,0.7119,0.0621,1,275,0.9867,0.212,0.7746
A-4,1604,1,0,0,0.0,0.0,0,25,0.0,0.0,0.0
G-1,1682,1,0,0,0.0,0.0,0,49,0.0,0.0,0.0
G-2,1460,1,1,1,0.011,0.011,1443,1443,0.011,0.011,0.0
D-5,1513,1,1,1,0.0131,0.0131,1503,1503,0.0131,0.0131,0.0
D-6,1565,1,1,1,0.8571,0.0203,0,1548,1.0,0.0203,0.9797
D-7,1516,1,1,1,0.5222,0.5222,977,977,0.5222,0.5222,0.0
F-1,1705,1,0,0,0.0,0.0,0,18,0.0,0.0,0.0
P-4,1544,3,3,3,0.1084,0.1084,1447,1447,0.1084,0.1084,0.0
G-3,1569,1,1,1,0.3704,0.3704,34,34,0.3704,0.3704,0.0
T-1,1710,2,0,1,0.0,0.0127,0,7,0.0,0.9772,0.9772
T-2,1713,1,0,1,0.0,0.0402,0,39,0.0,0.9474,0.9474
D-8,1563,1,1,1,0.0128,0.0128,1544,1544,0.0128,0.0128,0.0
D-9,1469,1,1,1,0.2664,0.2664,1239,1239,0.2664,0.2664,0.0
F-2,1713,1,0,1,0.0,0.0532,0,0,0.0,1.0,1.0
G-4,1514,1,1,1,0.4286,0.4286,16,16,0.4286,0.4286,0.0
T-3,1704,2,2,2,0.875,0.875,9,9,0.8889,0.8889,0.0
D-11,1474,1,1,0,0.7407,0.0,5,0,0.8276,0.0,0.8276
D-12,1571,1,1,1,0.5135,0.5135,1025,1025,0.5135,0.5135,0.0
B-1,1597,1,1,1,0.0174,0.0174,1578,1578,0.0174,0.0174,0.0
G-6,1716,1,1,1,0.4598,0.0594,47,633,0.4598,0.0594,0.4003
G-7,1594,3,0,3,0.0,0.85,0,16,0.0,0.8689,0.8689
P-7,1602,1,1,1,0.3981,0.925,0,7,1.0,0.9895,0.0105
R-1,1437,1,1,1,0.022,0.022,1421,1421,0.022,0.022,0.0
A-5,926,1,1,1,0.023,0.0214,851,915,0.023,0.0214,0.0016
A-6,878,1,1,1,0.4706,0.0407,18,377,0.4706,0.0407,0.4299
A-7,1714,1,0,1,0.0,0.1338,0,22,0.0,0.9776,0.9776
D-13,1520,1,1,1,0.0414,0.0414,1483,1483,0.0414,0.0414,0.0
A-8,1663,1,1,0,0.1015,0.0,797,5,0.6545,0.0,0.6545
A-9,1675,1,1,1,0.8423,0.7465,283,521,0.8442,0.7465,0.0978
F-3,1663,1,0,0,0.0,0.0,12,323,0.0,0.0,0.0
M-6,398,1,1,1,0.1593,0.1593,359,359,0.1593,0.1593,0.0
M-1,443,1,0,0,0.0,0.0,0,8,0.0,0.0,0.0
M-2,443,1,1,1,0.8879,0.9611,16,0,0.966,1.0,0.034
S-2,353,1,1,1,0.0116,0.0116,342,342,0.0116,0.0116,0.0
P-10,1208,1,1,1,0.159,0.159,275,275,0.159,0.159,0.0
T-4,431,1,0,1,0.0,0.6087,0,18,0.0,0.6087,0.6087
T-5,431,1,1,1,0.0234,0.0234,417,417,0.0234,0.0234,0.0
F-7,999,3,0,3,0.0,0.5592,0,68,0.0,0.7119,0.7119
M-3,413,1,0,1,0.0,0.3101,0,59,0.0,0.6289,0.6289
M-4,395,1,0,1,0.0,0.4681,22,58,0.0,0.6329,0.6329
M-5,448,1,0,0,0.0,0.0,0,0,0.0,0.0,0.0
P-15,559,1,1,1,0.0151,0.0155,522,508,0.0151,0.0155,0.0004
C-1,441,2,0,1,0.0,0.3937,0,40,0.0,0.5634,0.5634
C-2,398,2,2,2,0.1298,0.1298,362,362,0.1298,0.1298,0.0
T-12,474,1,1,1,0.3248,0.2055,74,107,0.3934,0.3097,0.0838
T-13,474,2,0,2,0.0,0.1128,57,201,0.0,0.3322,0.3322
F-4,672,1,0,1,0.0,0.0906,39,281,0.0,0.0906,0.0906
F-5,772,1,1,1,0.4651,0.1348,69,385,0.4651,0.1348,0.3303
D-14,513,2,2,2,0.1606,0.1606,460,460,0.1606,0.1606,0.0
T-9,207,2,2,2,0.5714,0.193,33,184,0.5714,0.193,0.3784
P-14,1208,1,1,1,0.0579,0.0579,1172,1172,0.0579,0.0579,0.0
T-8,292,2,1,2,0.0769,0.381,5,65,0.6486,0.381,0.2677
P-11,695,2,2,2,0.5909,0.3249,48,187,0.6522,0.3249,0.3273
D-15,419,1,0,1,0.0,0.1437,0,30,0.0,0.8929,0.8929
D-16,426,1,1,1,0.4719,0.5622,291,182,0.4719,0.5882,0.1164
M-7,419,1,1,1,0.5063,0.5405,39,34,0.5063,0.5405,0.0342
F-8,485,1,0,1,0.0,0.3443,0,0,0.0,1.0,1.0
POOLED TOTAL (81 Channels Evaluated),100926,104,56,80,0.2408,0.286,23193,27711,0.3758,0.4091,0.0333
